Type,Filter,TRUTH.TOTAL,TRUTH.TP,TRUTH.FN,QUERY.TOTAL,QUERY.FP,QUERY.UNK,FP.gt,METRIC.Recall,METRIC.Precision,METRIC.Frac_NA,METRIC.F1_Score,TRUTH.TOTAL.TiTv_ratio,QUERY.TOTAL.TiTv_ratio,TRUTH.TOTAL.het_hom_ratio,QUERY.TOTAL.het_hom_ratio
INDEL,ALL,525467,8549,516918,30503,8742,13101,3270,0.016269,0.497644,0.429499,0.031509,,,1.52827573414,0.734083044983
INDEL,PASS,525467,7691,517776,24065,6335,9932,2658,0.014637,0.551758,0.412716,0.028517,,,1.52827573414,0.745823563892
SNP,ALL,3365126,86852,3278274,161099,21109,53076,17998,0.025809,0.804588,0.329462,0.050015,2.10012756571,1.74946696914,1.58119585325,0.797881966554
SNP,PASS,3365126,86844,3278282,160635,21079,52650,17990,0.025807,0.804797,0.327762,0.05001,2.10012756571,1.75424556593,1.58119585325,0.799549221229
