Type,Filter,TRUTH.TOTAL,TRUTH.TP,TRUTH.FN,QUERY.TOTAL,QUERY.FP,QUERY.UNK,FP.gt,METRIC.Recall,METRIC.Precision,METRIC.Frac_NA,METRIC.F1_Score,TRUTH.TOTAL.TiTv_ratio,QUERY.TOTAL.TiTv_ratio,TRUTH.TOTAL.het_hom_ratio,QUERY.TOTAL.het_hom_ratio
INDEL,ALL,525467,5024,520443,12661,3050,4610,2210,0.009561,0.621165,0.36411,0.018832,,,1.52827573414,0.100417318727
INDEL,PASS,525467,5024,520443,12661,3050,4610,2210,0.009561,0.621165,0.36411,0.018832,,,1.52827573414,0.100417318727
SNP,ALL,3365126,49392,3315734,100791,17511,33847,17461,0.014678,0.738423,0.335814,0.028783,2.10012756571,1.66645504325,1.58119585325,0.131521922192
SNP,PASS,3365126,49392,3315734,100791,17511,33847,17461,0.014678,0.738423,0.335814,0.028783,2.10012756571,1.66645504325,1.58119585325,0.131521922192
